ph,Hardness,Solids,Chloramines,Sulfate,Conductivity,Organic_carbon,Trihalomethanes,Turbidity,Potability
8.316765884214679,214.37339408562252,22018.417440775294,8.05933237743854,356.88613564305666,363.2665161642437,18.436524495493302,100.34167436508008,4.628770536837084,0
9.092223456290965,181.10150923612525,17978.98633892625,6.546599974207941,310.13573752420444,398.41081338184466,11.558279443446395,31.997992727424737,4.075075425430034,0
5.584086638456089,188.3133237696164,28748.68773904612,7.54486878877965,326.6783629116736,280.4679159334877,8.399734640152758,54.917861841994466,2.5597082275565217,0
10.223862164528773,248.07173527013992,28749.716543528233,7.5134084658313025,393.66339551509645,283.6516335078445,13.789695317519886,84.60355617402357,2.672988736934779,0
8.635848718500734,203.36152258457054,13672.091763901635,4.563008685599703,303.3097711592812,474.60764494244853,12.36381669870525,62.798308962925155,4.401424715445482,0
8.065339036104211,174.1205842541131,21366.283597986225,7.490944013599902,315.18040538058506,497.0192344659093,11.417018608003389,46.21319792414968,3.75639170748219,1
9.158445163262003,186.67297297271335,15797.030395803245,8.151080662487415,333.8122637665636,425.75201760468025,12.182638877167335,112.6227330070513,4.525236730798256,1
8.848586282929045,188.9199828896792,32033.332018857272,13.127000000000002,182.39737024563615,479.79197473086685,12.07044433056194,77.67133749197123,4.014681857976119,1
9.495456381941786,185.87859436173136,18088.354849646388,7.52737530907068,388.76865661556434,409.45099774475665,12.397703528468355,63.359143729196006,4.168541279325788,1